TRADE_DATE,OPEN,LAST,HIGH,LOW,HIGHLOW_TICKS,VOLUME,AVGVOL30D,EQY_BETA
20180102,231.50,232.50,232.50,231.00,3,18055269,22187592,1.0950
20180103,236.00,237.00,238.00,235.50,5,31706089,22187592,1.0890
20180104,240.00,239.50,240.00,236.50,7,29179613,22187592,1.0890
20180105,240.00,240.00,240.00,238.00,4,23721255,22187592,1.0990
20180108,242.00,242.00,242.50,240.50,4,21846692,22187592,1.0990
20180109,242.00,242.00,242.00,239.50,5,19043123,22187592,1.0990
20180110,241.50,236.50,242.00,236.00,12,25716220,22187592,1.1200
20180111,235.00,235.00,236.00,232.50,7,32070338,22187592,1.1200
20180112,234.50,237.00,238.00,233.50,9,23141291,22187592,1.1220
20180115,240.00,240.00,240.00,238.00,4,28576533,22187592,1.1220
20180116,240.00,240.50,240.50,238.00,5,23407632,22187592,1.1220
20180117,240.50,242.00,243.00,239.00,8,38118119,22187592,1.1230
20180118,245.00,248.50,250.00,245.00,10,50119952,22187592,1.1230
20180119,253.50,255.50,255.50,251.50,8,55061292,22187592,1.1500
20180122,257.50,261.50,262.00,257.00,10,45907510,22187592,1.1500
20180123,262.50,266.00,266.00,262.50,7,34606443,22187592,1.1500
20180124,263.00,258.00,263.00,256.50,13,42600813,22187592,1.2020
20180125,258.00,258.00,264.00,256.50,15,46214757,28198746,1.2020
20180126,256.50,255.00,257.50,253.50,8,43514523,29073786,1.2030
20180129,259.00,258.50,261.50,255.00,13,31306234,28693135,1.2030
20180130,256.00,253.00,257.50,252.50,10,37410591,29416733,1.2030
20180131,253.00,255.00,257.50,252.00,11,44136808,30024655,1.2190
20180201,257.50,259.50,261.00,257.00,8,30559457,29892826,1.2190
20180202,259.00,259.50,260.00,255.00,10,25707560,30055539,1.2160
20180205,251.00,253.00,254.50,250.50,8,45594379,30938469,1.2160
20180206,242.50,239.00,243.50,234.00,19,104448048,34267415,1.2160
20180207,245.00,240.00,245.50,239.50,12,82299179,36552193,1.2250
20180208,239.50,238.50,242.00,238.00,8,31192550,37174769,1.2250
20180209,230.00,232.50,233.00,228.50,9,65939265,38560399,1.2520
20180212,235.50,236.50,237.50,235.00,5,42917236,39137292,1.2520
20180221,244.50,242.50,244.50,242.00,5,76396173,41081989,1.2580
20180222,244.00,239.50,244.00,239.00,10,45492993,41541553,1.2580
20180223,241.00,245.00,245.00,241.00,8,26985776,41468425,1.2460
20180226,247.00,246.50,247.50,245.00,5,36165810,41883243,1.2460
20180227,250.50,246.00,250.50,246.00,9,44699119,42644991,1.2460
20180301,244.00,243.00,245.00,242.00,6,43847984,43471820,1.2560
20180302,240.00,240.00,241.00,238.50,5,35289170,43790918,1.2580
20180305,242.50,241.50,243.00,240.50,5,27337846,43633168,1.2580
20180306,245.50,250.00,250.00,245.50,9,36945781,44093318,1.2580
20180307,248.00,247.00,248.50,246.00,5,30391219,44153807,1.2580
20180308,249.50,249.50,251.50,249.00,5,20645694,44061743,1.2580
20180309,250.00,250.50,251.00,248.50,5,22887063,43554041,1.2640
20180312,252.00,254.00,255.00,251.50,7,25100615,42720063,1.2640
20180313,255.50,259.00,259.00,255.00,8,34264883,42026849,1.2620
20180314,256.50,257.00,257.50,255.50,4,24254838,41305094,1.2620
20180315,258.00,255.00,258.00,255.00,6,19396493,40798095,1.2620
20180316,253.00,255.00,256.00,249.50,13,62989326,41477712,1.2600
20180319,252.50,255.00,255.50,251.00,9,22440766,40685246,1.2600
20180320,253.00,253.00,254.00,251.50,5,22335151,39979267,1.2620
20180321,255.00,252.50,255.00,251.00,8,32977737,40034984,1.2620
20180322,254.50,251.50,254.50,249.50,10,27000718,39687988,1.2620
20180323,245.00,245.00,247.00,244.00,6,52974390,39982574,1.2700
20180326,241.50,243.50,244.50,241.50,6,39487944,40280190,1.2700
20180327,248.00,251.00,251.00,247.00,8,31100260,40459947,1.2720
20180328,247.50,245.00,248.00,244.00,8,29924411,39937615,1.2720
20180329,243.00,244.00,247.00,242.50,9,36427345,37670258,1.2720
20180330,247.50,247.50,249.00,246.50,5,3603912,34573875,1.2710
20180402,248.50,246.50,249.00,245.00,8,19029001,33010200,1.2710
20180403,243.00,244.00,244.50,242.00,5,35813944,32773424,1.2760
20180409,248.00,245.00,248.00,243.50,9,35465824,31409079,1.2760
20180410,244.50,245.50,249.00,243.50,11,25268994,30734945,1.2820
20180411,246.50,248.00,248.50,246.50,4,21777935,30561351,1.2820
20180412,248.50,245.00,248.50,244.00,9,20476657,30038379,1.2820
20180413,246.00,244.50,246.00,244.00,4,19946548,29213293,1.2770
20180416,243.00,243.50,244.00,242.00,4,21608528,28471978,1.2770
20180417,243.00,238.00,243.50,237.50,12,42756389,28720885,1.2810
20180418,239.50,238.00,241.50,236.50,10,44768047,29301892,1.2810
20180419,242.00,244.50,244.50,241.00,7,33230989,29178066,1.2810
20180420,228.00,229.00,231.50,228.00,7,129890087,32494695,1.3000
20180423,226.50,226.50,227.50,225.00,5,71901975,34203237,1.3000
20180424,225.00,227.00,227.50,225.00,5,45206890,34947231,1.2920
20180425,225.50,225.00,226.00,224.00,4,48975110,35743048,1.2920
20180426,225.00,222.00,225.50,221.00,9,48176657,36206774,1.2920
20180427,225.00,223.50,225.50,221.00,9,34443459,36546394,1.2890
20180430,224.50,227.00,228.00,222.50,11,28500789,36546394,1.2890
20180502,227.00,223.00,227.50,222.50,10,38436942,36031458,1.3090
20180503,221.00,220.50,222.50,220.00,5,33507731,36400357,1.3090
20180504,221.00,223.00,224.00,220.50,7,28477722,36605109,1.3090
20180507,225.00,223.50,225.50,221.50,8,23751759,36297577,1.3090
20180508,224.00,228.00,228.50,223.50,10,40324763,36741712,1.3050
20180509,228.50,229.50,232.00,228.50,7,35597933,36162496,1.3050
20180510,231.00,229.50,231.50,229.00,5,27530377,35763911,1.3050
20180511,232.00,233.00,234.00,230.50,7,30693910,35750366,1.3040
20180514,234.50,233.00,234.50,232.50,4,23577637,35538807,1.3040
20180515,233.50,230.50,234.00,229.50,9,23771769,35116954,1.3010
20180516,229.50,230.50,230.50,228.50,4,14834106,35044879,1.3010
20180517,231.00,226.50,231.50,226.50,10,27702737,35848174,1.3010
20180518,225.50,223.50,227.50,223.50,8,28187540,36153458,1.3060
20180521,225.00,229.00,230.00,225.00,10,16417815,35506921,1.3060
20180522,230.00,229.00,233.50,229.00,9,22422097,35072130,1.3120
20180523,231.50,228.50,231.50,228.50,6,26737899,35868496,1.3120
20180524,229.50,229.00,230.00,228.50,3,13450610,35590919,1.3120
20180525,228.50,228.50,229.50,228.00,3,16486293,35457907,1.3130
20180528,229.50,227.00,230.00,226.50,7,17673270,35382131,1.3130
20180529,226.50,225.00,226.50,223.50,6,25770777,35520873,1.3130
20180530,224.00,221.00,224.00,220.50,7,49667788,35751253,1.3130
20180531,221.50,224.00,224.00,220.50,7,96587458,37478566,1.3130
20180601,224.50,224.00,226.50,224.00,5,36652094,37592603,1.3140
20180604,227.50,229.00,229.00,227.00,4,31257481,34304850,1.3140
20180605,230.00,229.00,230.00,226.50,7,27714384,32831930,1.3100
20180606,229.00,230.00,230.00,227.00,6,30375448,32337548,1.3100
20180607,231.00,230.00,231.50,228.00,7,25277266,31547620,1.3100
20180608,229.00,227.00,229.00,226.00,6,24192851,30748160,1.3040
20180611,226.50,226.00,227.00,225.00,4,22028933,30334343,1.3040
20180612,225.00,229.00,229.00,224.00,10,30189360,30390628,1.3090
20180613,229.00,232.00,232.00,228.00,8,36081120,30312101,1.3090
20180614,230.00,226.50,230.00,226.50,7,36932043,30426245,1.3090
20180615,225.00,231.00,231.00,224.00,14,49506680,31127210,1.3030
20180619,225.50,225.00,226.00,224.00,4,61142624,32373572,1.3000
20180620,224.50,226.00,227.50,223.50,8,40708701,32386370,1.3000
20180621,227.50,226.50,228.00,226.00,4,32572707,32386370,1.3000
20180622,224.50,227.50,227.50,224.00,7,44211409,32841563,1.2950
20180625,220.00,218.00,220.50,218.00,5,49058210,33453707,1.2950
20180626,215.50,214.50,216.00,212.50,7,43080346,33453707,1.2950
20180627,216.00,213.00,216.00,212.50,7,40863414,34673519,1.2950
20180628,211.00,212.00,214.50,210.00,9,38816780,35472941,1.2950
20180629,212.00,216.50,217.00,212.00,10,36848680,35777806,1.3040
20180702,218.50,214.00,219.00,214.00,10,33496442,35954769,1.3040
20180703,215.50,214.50,218.00,213.50,9,28663220,35954769,1.3070
20180704,217.00,216.00,217.50,215.50,4,15359295,35380119,1.3070
20180705,214.00,214.50,215.00,213.00,4,18225416,35380119,1.3070
20180706,217.50,217.00,217.50,215.00,5,31344963,35692848,1.2860
20180709,219.50,221.50,223.00,218.50,9,41165793,36515498,1.2860
20180710,223.00,222.00,224.00,222.00,4,20196957,36599621,1.3060
20180711,220.00,220.00,220.00,218.00,4,19854690,36599621,1.3060
20180712,218.00,220.50,222.00,218.00,8,23806051,36402418,1.3060
20180713,222.50,224.50,224.50,222.50,4,30419311,33334756,1.3050
20180716,224.50,223.50,225.00,223.50,3,16107254,33334756,1.3050
20180717,222.50,221.50,223.50,221.00,5,22554435,32649928,1.3050
20180718,223.00,223.00,224.00,222.00,4,45802658,32359826,1.3050
20180719,225.50,224.50,227.00,224.50,5,43976215,32962769,1.3050
20180720,235.00,237.50,237.50,233.00,9,103652023,36028619,1.3110
20180723,239.00,241.00,245.00,238.50,13,52269877,36028619,1.3110
20180724,240.00,241.00,241.50,238.50,6,27468267,36964520,1.3130
20180725,239.00,240.50,241.00,239.00,4,21530312,37145831,1.3130
20180726,241.00,241.00,242.50,239.50,6,30856388,36857196,1.3130
20180727,242.00,244.50,244.50,241.00,7,27129646,36356292,1.3160
20180730,244.50,245.50,245.50,244.00,3,22803730,36356292,1.3160
20180731,243.50,246.00,246.00,242.00,8,28202542,35466194,1.3140
20180801,247.00,248.00,248.00,246.50,3,29777160,34368191,1.3140
20180802,249.00,244.50,249.50,243.50,12,22775110,34003806,1.3140
20180803,246.00,247.00,248.00,245.00,6,25165097,33042343,1.3100
20180806,245.00,245.50,247.00,244.00,6,22364568,33042343,1.3100
20180807,245.00,241.50,245.50,241.50,8,24352418,32152555,1.3110
20180808,245.00,247.50,247.50,244.50,6,24382432,30978924,1.3110
20180809,247.00,247.00,248.00,246.00,4,15128655,30189320,1.3110
20180810,246.50,245.00,247.00,244.50,5,16125492,29498547,1.3110
20180813,241.50,240.50,243.00,239.00,8,17881194,28978039,1.3110
20180814,245.00,243.50,245.00,242.50,5,17488913,28605562,1.3120
20180815,244.50,241.50,244.50,239.50,10,19236322,28734796,1.3120
20180816,238.00,239.00,241.50,238.00,7,19155966,28765815,1.3120
20180817,239.50,239.50,241.00,239.00,4,19634471,28375465,1.3000
20180820,239.50,239.50,240.00,238.00,4,17014437,27570420,1.3000
20180821,239.00,241.00,241.00,238.50,5,13871127,27359559,1.3000
20180822,241.50,242.00,242.50,240.50,4,12679240,27120377,1.3000
20180823,243.00,244.50,244.50,243.00,3,17216240,26900717,1.3000
20180824,245.50,243.50,246.00,243.00,6,15446943,26401638,1.3000
20180827,246.00,245.00,246.50,244.50,4,15579299,26401638,1.3000
20180828,248.50,249.50,250.00,248.00,4,40410531,26384039,1.3040
20180829,253.50,259.00,259.00,253.50,11,57633182,26979242,1.3040
20180830,264.50,263.50,268.00,262.50,11,52622807,27373593,1.3040
20180831,257.50,256.00,259.00,254.00,10,70000506,26540096,1.3130
20180903,259.00,257.00,260.00,256.50,7,34510558,26540096,1.3130
20180904,258.50,257.50,259.50,255.50,8,41455613,25948118,1.3120
20180905,260.00,264.00,264.50,259.00,11,52706458,26414363,1.3120
20180906,268.00,261.00,268.00,261.00,14,39779488,27453568,1.3120
20180907,263.00,264.00,264.00,260.50,7,44746731,28338241,1.2790
20180910,266.50,264.50,266.50,262.50,8,62851600,29673170,1.2790
20180911,263.00,260.00,263.50,258.00,11,44981278,29673170,1.2770
20180912,261.00,260.50,262.00,258.00,8,38415966,30232461,1.2770
20180913,260.00,255.00,260.00,253.50,13,37959180,30520421,1.2770
20180914,257.00,261.00,261.50,257.00,9,40034219,31522194,1.2770
20180917,262.50,258.00,262.50,257.00,11,25041358,31611421,1.2770
20180918,256.50,254.50,257.00,254.00,6,34381152,31611421,1.2560
20180919,258.00,258.00,260.00,257.00,6,69978711,31945712,1.2560
20180920,261.50,260.00,261.50,257.50,8,35577071,33465588,1.2560
20180921,261.50,261.50,261.50,258.00,7,36500974,34826385,1.2530
20180925,261.50,263.50,264.00,260.50,7,24978061,34826385,1.2490
20180926,263.00,263.50,263.50,261.00,5,25061115,35062947,1.2490
20180927,264.00,265.00,266.00,262.00,8,38495371,35315353,1.2490
20180928,266.00,262.50,266.00,260.00,12,39645486,36640306,1.2490
20181001,262.00,263.00,264.00,261.00,6,22409380,36640306,1.2490
20181002,262.00,257.50,263.00,257.00,12,38391491,36732803,1.2450
20181003,257.50,260.00,260.00,257.00,6,25228536,37445371,1.2450
20181004,257.00,254.00,257.50,254.00,7,38009728,37823952,1.2450
20181005,250.00,250.00,253.00,248.50,9,40396660,39440982,1.2310
20181008,245.50,243.50,246.50,241.00,11,51083958,39440982,1.2310
20181009,243.50,244.00,245.00,242.00,6,28933345,40628882,1.2350
20181011,233.50,227.50,233.50,227.00,13,96033655,41074017,1.2350
20181012,231.00,237.00,237.00,229.00,16,54439769,42821674,1.2270
20181015,234.00,230.50,234.00,230.50,7,46471280,42821674,1.2270
20181016,229.50,237.00,237.00,229.00,16,39129077,42616623,1.2340
20181017,241.50,238.50,243.00,238.00,10,42887857,41587576,1.2340
20181018,238.00,236.50,239.00,235.50,7,27793430,41866819,1.2340
20181019,231.00,236.00,236.50,230.00,13,29648460,40642813,1.2300
20181022,232.50,237.00,238.00,231.50,13,29275777,40642813,1.2300
20181023,232.00,230.00,234.00,230.00,8,36757745,40292689,1.2300
20181024,230.00,229.50,231.00,227.00,8,45480950,40026390,1.2300
20181025,220.50,219.50,222.00,219.50,5,75524118,40465463,1.2300
20181026,223.00,221.00,224.00,217.00,14,54073644,40987385,1.2370
20181029,223.00,222.50,224.00,221.00,6,18463792,40987385,1.2370
20181030,221.00,223.00,225.00,220.50,9,29085931,40337539,1.2410
20181031,228.00,234.00,234.00,228.00,12,59933200,39972596,1.2410
20181101,236.00,235.50,237.00,233.00,8,44514798,41473446,1.2410
20181102,236.50,236.50,236.50,233.50,6,30785361,40167001,1.2490
20181105,233.00,235.00,235.50,232.00,7,28157066,39919667,1.2490
20181106,234.00,234.50,235.50,232.50,6,35501177,39886341,1.2490
20181107,233.00,234.00,236.00,232.50,7,39842653,39886341,1.2490
20181108,237.50,236.50,237.50,236.00,3,28086141,40381827,1.2490
20181109,234.50,231.00,234.50,231.00,7,23792081,39992552,1.2520
20181112,230.00,231.50,234.50,230.00,9,26202445,39992552,1.2520
20181113,224.50,227.50,228.00,224.50,7,37565127,39544450,1.2530
20181114,230.00,228.50,231.00,228.50,5,24565278,40049642,1.2530
20181115,229.50,231.00,232.00,228.50,7,22230228,39588768,1.2530
20181116,229.00,226.00,229.00,225.00,8,47138909,39793130,1.2550
20181119,225.00,222.00,225.00,221.00,8,51034754,39793130,1.2550
20181120,219.00,218.00,220.50,218.00,5,45686757,40147734,1.2610
20181121,214.50,219.00,220.00,214.00,12,38478343,40285993,1.2610
20181122,221.50,219.00,222.00,219.00,6,22060610,40285993,1.2610
20181123,220.50,218.50,220.50,217.00,7,15553334,36524011,1.2660
20181126,219.00,223.00,224.00,218.50,11,35267804,36524011,1.2660
20181127,220.00,224.00,224.50,219.00,11,32676349,36150562,1.2680
20181128,222.50,226.50,227.00,222.00,10,24759026,35935471,1.2680
20181129,231.50,229.00,231.50,229.00,5,46206208,35331176,1.2680
20181130,229.50,225.50,231.00,225.50,11,57352957,36868419,1.2670
20181203,231.00,235.00,235.00,231.00,8,49612186,36868419,1.2670
20181204,233.00,234.00,234.50,231.00,7,41947162,37546299,1.2610
20181205,226.50,226.00,227.50,225.00,5,45634576,37719280,1.2610
20181206,220.00,220.00,222.00,219.50,5,40181112,37724401,1.2610
20181207,222.50,221.00,223.50,220.50,6,31997568,35810431,1.2620
20181210,219.50,219.00,220.00,218.50,3,26229461,35810431,1.2620
20181211,220.00,222.50,223.00,219.00,8,27395220,36069287,1.2630
20181212,223.50,226.50,227.00,222.50,9,32926379,36012930,1.2630
20181213,227.00,226.00,227.50,225.00,5,32433141,35112702,1.2630
20181214,223.00,222.50,223.50,220.50,6,43226159,35124674,1.2630
20181217,221.00,223.50,225.00,220.00,10,18964952,35124674,1.2630
20181218,221.00,222.50,223.00,220.50,5,30270541,34818270,1.2630
20181219,222.00,225.50,225.50,222.00,7,23415082,34643915,1.2630
20181220,221.00,221.00,222.50,221.00,3,38697116,34096330,1.2630
20181221,220.00,221.50,221.50,220.00,3,5185247,34521304,1.2590
20181224,221.50,220.00,221.50,219.50,4,23376100,34521304,1.2590
20181225,215.50,217.50,218.00,215.00,6,19402777,34048336,1.2640
20181226,218.50,216.50,219.50,216.00,7,16893259,33876253,1.2640
20181227,222.00,223.00,224.00,220.50,7,21915484,33698354,1.2640
20181228,223.50,225.50,225.50,222.50,6,30156773,32161641,1.2650
20190102,226.50,219.50,226.50,219.00,15,32900482,32161641,1.2670
20190103,214.00,215.50,218.00,214.00,8,34615620,31735431,1.2670
20190104,211.50,208.00,211.50,206.50,10,67043521,33106104,1.2890
20190107,212.00,213.00,214.00,211.00,6,35695176,33106104,1.2890
20190108,212.00,211.00,212.50,210.00,5,23794481,33777499,1.2900
20190109,212.00,215.50,216.50,211.00,11,51255446,33395055,1.2900
20190110,216.00,216.00,216.50,214.50,4,20832593,34014358,1.2900
20190111,219.00,220.50,220.50,218.00,5,28658288,33883477,1.2900
20190114,218.50,218.50,220.00,217.00,6,17612296,33883477,1.2900
20190115,216.50,221.00,221.00,215.50,11,42990923,31973858,1.2910
20190116,218.50,217.50,220.00,217.50,5,30038282,31753149,1.2910
20190117,218.00,220.50,221.00,218.00,6,21163986,31356186,1.2910
20190118,219.00,218.50,220.00,217.50,5,52677569,30957048,1.2870
20190121,220.00,221.00,223.00,220.00,6,32515865,30957048,1.2870
20190122,220.00,223.00,223.00,219.00,8,30958483,30974325,1.2860
20190123,221.50,220.50,222.00,220.00,4,18671211,31131959,1.2860
20190124,222.50,222.50,222.50,220.50,4,31348919,30841159,1.2860
20190125,226.50,226.00,227.00,225.00,4,48039764,31308798,1.2860
20190128,229.50,229.00,229.50,228.00,3,29134257,31308798,1.2900
20190129,222.50,222.50,225.00,222.00,6,42566520,30839068,1.2900
20190130,222.50,222.50,225.00,222.00,6,42566520,31625786,1.2900
20190211,228.00,228.00,229.00,226.50,5,81360106,32346433,1.3040
20190212,230.00,230.00,230.00,229.00,2,30125670,34277934,1.3030
20190213,232.00,229.00,232.00,228.50,7,28634925,33992219,1.3030
20190214,229.50,227.00,230.00,226.00,8,23647751,33381799,1.3030
20190215,229.00,227.00,229.00,226.50,5,22369799,33963672,1.3050
20190218,229.00,230.00,230.50,228.50,4,18163916,33963672,1.3050
20190219,230.00,229.00,230.50,229.00,3,18423023,33922377,1.3050
20190220,231.50,234.50,234.50,231.00,7,31887711,33973369,1.3050
20190221,235.50,236.50,236.50,234.50,4,34013489,34305777,1.3050
20190222,235.50,236.50,236.50,234.00,5,22032163,34072057,1.3060
20190225,237.50,238.00,239.00,236.00,6,25227139,34072057,1.3060
20190226,239.00,239.50,240.00,236.50,7,24586789,33759107,1.3040
20190227,238.50,239.00,239.50,237.00,5,37947890,32343883,1.3040
20190304,238.50,239.00,239.50,237.00,5,37947890,32418973,1.3040
20190305,234.00,233.00,234.50,232.50,4,23708407,31625824,1.3030
20190306,235.00,234.00,235.50,233.50,4,20811226,30707589,1.3030
20190307,235.00,234.00,235.00,233.00,4,17226192,30706877,1.3030
20190308,231.00,230.00,231.50,229.00,5,22535659,30489919,1.3090
20190311,228.00,230.50,230.50,227.50,6,34282793,30489919,1.3090
20190312,233.00,235.50,237.00,232.50,9,23839972,30199648,1.3090
20190313,234.00,237.00,237.00,234.00,6,22493194,29993038,1.3090
20190314,239.00,234.50,239.00,234.00,10,17281356,30037345,1.3090
20190315,237.00,239.00,239.50,235.50,8,34542730,28925033,1.3130
20190318,239.50,241.00,241.00,239.00,4,27040532,28794435,1.3130
20190319,239.00,240.50,240.50,238.00,5,14620009,28794435,1.3130
20190320,242.00,242.00,242.00,239.50,5,23055971,28659395,1.3130
20190321,242.50,245.50,245.50,241.00,9,27514502,28382963,1.3130
20190322,248.00,248.50,248.50,244.50,8,22996467,27494195,1.3170
20190325,240.50,241.50,243.50,240.50,6,19273254,27494195,1.3170
20190326,243.00,244.00,244.00,241.00,6,21053170,26717753,1.3160
20190327,242.00,241.50,242.50,240.50,4,23622088,25689860,1.3160
20190328,240.50,242.00,242.50,240.00,5,13998054,23765260,1.3160
20190329,243.00,245.50,245.50,240.50,10,31024810,23307335,1.3160
20190401,251.00,245.50,251.00,245.00,12,35330656,23307335,1.3160
20190402,249.50,246.00,249.50,246.00,7,25189053,23696765,1.3160
20190403,249.00,246.50,249.00,246.50,5,28581323,23790741,1.3160
20190408,251.00,253.00,253.00,250.50,5,46426821,24137987,1.3150
20190409,253.00,254.00,254.00,252.00,4,22745674,25071447,1.3180
20190410,253.00,254.00,254.50,252.00,5,33174934,24766713,1.3180
20190411,253.00,252.00,254.00,251.50,5,25146840,24738761,1.3180
20190412,251.50,252.00,253.00,251.00,4,13888148,24464617,1.3190
20190415,255.00,255.50,256.00,254.00,4,17257002,24464617,1.3190
20190416,257.00,257.00,257.00,255.50,3,20231648,24220291,1.3200
20190417,260.00,261.50,263.00,259.50,7,39037191,23629750,1.3200
20190418,264.00,264.50,266.00,263.50,5,48525491,24930989,1.3200
20190419,269.00,264.50,269.50,263.50,12,47698698,26654474,1.3270
20190422,266.50,266.00,267.50,265.00,5,24967393,26654474,1.3270
20190423,266.50,268.00,268.00,266.00,4,26251847,26912514,1.3270
20190424,270.00,269.00,270.00,267.50,5,37386755,27036387,1.3270
20190425,268.50,267.50,269.00,267.00,4,36572454,27139853,1.3270
20190426,262.00,260.00,263.00,257.50,11,51743804,28539289,1.3280
20190429,260.00,259.50,262.00,258.50,7,32651617,28539289,1.3280
20190430,260.00,259.00,260.50,258.00,5,40446417,29051631,1.3280
20190502,261.50,259.00,262.50,258.50,8,27376394,29248421,1.3280
20190503,262.00,265.00,265.00,260.50,9,30200246,29778957,1.3270
20190506,260.00,259.00,260.00,258.00,4,33688187,29778957,1.3270
20190507,259.50,262.50,263.00,259.00,8,25686126,30133365,1.3230
20190508,260.00,260.00,261.50,259.50,4,25902364,30072419,1.3230
20190509,259.50,256.50,259.50,256.00,7,34166574,30169282,1.3230
20190510,257.00,256.00,259.00,255.00,8,18868213,30592894,1.3120
20190513,253.00,250.50,254.00,249.50,9,29317535,30592894,1.3120
20190514,247.50,248.50,251.00,245.00,12,45620708,30782742,1.3110
20190515,251.00,249.00,252.00,249.00,6,37223479,31836831,1.3110
20190516,248.50,247.00,249.50,246.00,7,30331519,32043453,1.3110
20190517,249.00,241.50,249.00,241.50,15,40006856,32370742,1.3190
20190520,242.50,238.00,243.00,238.00,10,47097661,32370742,1.3190
20190521,233.50,234.00,236.00,232.50,7,82872776,32987953,1.3200
20190522,236.50,238.00,240.50,235.50,10,36289034,34202818,1.3200
20190523,233.50,230.00,233.50,230.00,7,62258626,34654264,1.3200
20190524,230.00,233.00,234.00,230.00,8,38226789,36059718,1.3230
20190527,234.00,231.00,235.00,231.00,8,37447033,36059718,1.3230
20190528,232.00,230.50,232.00,230.50,3,99322033,36845015,1.3230
20190529,228.00,229.50,230.50,227.00,7,32260236,39580516,1.3230
20190530,230.00,231.00,231.50,229.00,5,40375328,39981469,1.3230
20190531,232.00,235.50,237.50,231.00,13,49163216,40047331,1.3190
20190603,235.50,238.00,238.50,232.00,13,36687092,40047331,1.3190
20190604,237.50,233.00,238.00,233.00,10,24443428,39680277,1.3180
20190605,238.00,235.00,238.00,234.00,8,35901584,39662812,1.3180
20190606,231.50,232.00,232.00,229.50,5,34651731,39984469,1.3180
20190610,237.50,240.00,240.00,234.50,11,35521888,39893302,1.3190
20190611,240.00,244.50,246.00,239.00,14,34691670,39858283,1.3190
20190612,244.50,246.00,247.50,243.00,9,30409557,39289879,1.3190
20190613,242.50,240.00,244.00,240.00,8,33731724,39215143,1.3190
20190614,238.50,236.00,239.50,236.00,7,35403556,39258892,1.3190
20190617,231.50,233.00,235.00,230.50,9,51692012,39258892,1.3190
20190618,234.00,235.50,235.50,233.00,5,28798087,39975285,1.3220
20190619,242.50,244.00,244.00,240.50,7,50234372,39812281,1.3220
20190620,242.00,245.00,245.50,241.00,9,39717291,40630556,1.3220
20190621,248.00,248.50,248.50,246.00,5,62136304,42023378,1.3280
20190624,241.00,241.00,242.00,240.00,4,43460507,42023378,1.3280
20190625,241.00,238.50,241.50,237.00,9,29735283,42843121,1.3290
20190626,235.00,234.50,236.50,234.00,5,28770041,42857046,1.3290
20190627,236.00,240.50,241.50,236.00,11,42007834,42295357,1.3290
20190628,241.50,239.00,241.50,238.00,7,28085212,42454836,1.3330
20190701,245.50,248.50,250.00,245.00,10,66370875,42454836,1.3330
20190702,249.50,249.00,250.00,247.50,5,26832202,43258759,1.3330
20190703,244.00,242.50,245.00,242.00,6,29549774,42583244,1.3330
20190704,244.50,244.00,245.00,242.50,5,18691240,40805811,1.3330
20190705,244.50,243.00,245.00,241.50,7,27317070,39054499,1.3340
20190708,240.00,242.50,244.50,240.00,9,29190909,39054499,1.3340
20190709,241.50,242.00,243.00,240.50,5,16538987,38753303,1.3310
20190710,243.00,247.00,247.00,243.00,8,23812131,38056368,1.3310
20190711,250.00,250.00,250.00,247.50,5,31296289,35539371,1.3310
20190712,252.00,250.50,252.00,249.50,5,23868432,34957010,1.3320
20190715,251.00,254.50,254.50,249.50,10,34264300,34957010,1.3320
20190716,254.00,256.00,256.50,253.50,6,26141249,34460379,1.3320
20190717,254.00,252.00,254.00,251.00,6,34346648,34108851,1.3320
20190718,252.00,254.00,254.50,251.50,6,20908575,34438959,1.3320
20190719,259.50,259.00,261.00,259.00,4,59879798,34780127,1.3340
20190722,263.00,264.00,264.00,262.00,4,31863639,34780127,1.3340
20190723,265.50,264.00,266.50,262.50,8,29273223,34658186,1.3340
20190724,266.50,265.00,266.50,263.00,7,24511039,34477571,1.3340
20190725,264.00,265.00,265.00,261.50,7,30698545,34280953,1.3340
20190726,261.00,261.00,262.50,261.00,3,20768071,33691998,1.3340
20190729,260.00,261.00,262.00,259.50,5,18473319,33691998,1.3340
20190730,262.50,260.00,263.00,260.00,6,22895612,32584708,1.3360
20190731,260.00,259.50,260.00,257.00,6,36365603,32387959,1.3360
20190801,257.50,256.50,257.50,255.50,4,30107526,31925667,1.3360
20190802,252.00,251.50,253.50,250.50,6,54165644,31339653,1.3310
20190805,251.00,246.50,252.00,245.50,13,52835721,31339653,1.3310
20190806,240.00,248.50,250.00,240.00,20,58916879,31652160,1.3380
20190807,250.00,248.00,250.50,246.50,8,29435460,32624880,1.3380
20190808,248.00,253.50,254.00,248.00,12,30140266,32647060,1.3380
20190809,248.00,253.50,254.00,248.00,12,30140266,31315301,1.0000
20190812,254.50,251.00,254.50,251.00,7,24732599,31315301,1.0000
20190813,249.00,246.50,249.50,246.50,6,25045106,29927358,1.0000
20190814,252.50,249.50,254.00,249.50,9,36336702,29867788,1.3360
20190815,247.00,248.00,248.50,246.00,5,28277412,30094019,1.3360
20190816,249.50,250.00,252.00,248.00,8,25696715,30359547,1.3370
20190819,251.50,252.00,253.00,250.50,5,25098514,30359547,1.3370
20190820,254.00,254.50,254.50,252.50,4,20620494,30223133,1.3390
20190821,254.50,254.50,255.00,253.00,4,20269296,30359184,1.3390
20190822,257.00,254.00,257.50,254.00,7,22136840,30241089,1.3390
20190823,253.50,254.00,254.50,253.00,3,14772877,29632589,1.3390
20190826,249.00,248.50,250.50,248.50,4,31740620,29632589,1.3390
20190827,250.50,250.00,251.00,248.50,5,53664950,29548466,1.3410
20190828,250.50,252.00,253.00,250.50,5,15280882,30465923,1.3410
20190829,253.00,254.00,254.00,251.00,6,20085767,29830398,1.3410
20190830,256.50,259.00,259.00,256.00,6,35299201,28983617,1.3420
